id,first_name,last_name,email,gender,ip_address
1,Dolph,Maudling,dmaudling0@google.ru,Male,79.22.49.62
2,Trace,Corser,tcorser1@vistaprint.com,Male,107.24.92.217
3,Lenci,Labin,llabin2@photobucket.com,Male,18.168.83.15
4,Blancha,MacGibbon,bmacgibbon3@senate.gov,Female,33.240.235.177
5,Agathe,Van den Hof,avandenhof4@bloomberg.com,Female,102.142.226.180
6,Ermengarde,Brogan,ebrogan5@last.fm,Female,60.245.52.236
7,Hildegaard,Shevlan,hshevlan6@abc.net.au,Female,20.4.26.184
8,Norry,Bane,nbane7@cpanel.net,Female,1.125.13.83
9,Leodora,Jobes,ljobes8@comsenz.com,Female,144.158.108.149
10,Claudianus,Cluley,ccluley9@ca.gov,Male,3.209.106.148
11,Pamella,Kobpal,pkobpala@nifty.com,Female,81.90.253.248
12,Louis,Josh,ljoshb@yellowbook.com,Male,198.28.126.50
13,Brandy,Count,bcountc@amazon.co.uk,Male,1.170.248.18
14,Anastassia,Mateuszczyk,amateuszczykd@techcrunch.com,Female,116.54.79.200
15,Flin,Kells,fkellse@devhub.com,Male,219.172.39.74
16,Danella,Tench,dtenchf@slideshare.net,Female,13.66.167.148
17,Danella,Padbury,dpadburyg@accuweather.com,Female,52.30.95.94
18,Gar,Wallenger,gwallengerh@goo.gl,Male,44.200.170.89
19,Arel,Spurling,aspurlingi@list-manage.com,Male,141.49.77.215
20,Loy,Cantillon,lcantillonj@fda.gov,Male,193.240.176.201
21,Tomi,Grigoriev,tgrigorievk@washingtonpost.com,Female,156.238.124.54
22,Merrill,Mixer,mmixerl@1688.com,Male,249.48.251.111
23,Yolande,Garvey,ygarveym@craigslist.org,Female,35.94.56.105
24,Kacy,Sockell,ksockelln@sina.com.cn,Female,139.34.147.6
25,Hermy,Norfolk,hnorfolko@mysql.com,Male,224.198.149.135
26,Terrye,Woodland,twoodlandp@hatena.ne.jp,Female,242.7.104.50
27,Collete,Allman,callmanq@cargocollective.com,Female,209.113.64.116
28,Orren,Kildea,okildear@flickr.com,Male,182.112.209.94
29,Hebert,Vockins,hvockinss@oaic.gov.au,Male,106.94.121.139
30,Mitzi,Jaggar,mjaggart@friendfeed.com,Female,118.89.22.186
31,Duncan,Warmisham,dwarmishamu@oaic.gov.au,Male,215.124.94.147
32,Thorstein,Wailes,twailesv@constantcontact.com,Male,14.181.136.224
33,Malynda,Seakes,mseakesw@theatlantic.com,Female,193.214.85.154
34,Finley,Barhams,fbarhamsx@usnews.com,Male,138.63.154.100
35,Burnaby,Jurca,bjurcay@blogtalkradio.com,Male,210.103.137.54
36,Cheri,Soaper,csoaperz@gmpg.org,Female,19.229.12.121
37,Corny,Eliasen,celiasen10@reuters.com,Female,78.222.206.146
38,Boycie,Westerman,bwesterman11@businessweek.com,Male,120.215.69.243
39,Kane,Hebble,khebble12@barnesandnoble.com,Male,237.47.60.36
40,Percy,Lovick,plovick13@ted.com,Male,90.175.92.195
41,Joanna,Doyley,jdoyley14@wsj.com,Female,22.123.244.124
42,Artemus,O'Shavlan,aoshavlan15@indiegogo.com,Male,142.137.79.57
43,Hamlen,Roberti,hroberti16@alexa.com,Male,25.75.12.50
44,Pearle,Errichiello,perrichiello17@com.com,Female,131.178.36.10
45,Joshua,Breheny,jbreheny18@ning.com,Male,73.60.234.108
46,Amalee,Woodier,awoodier19@networkadvertising.org,Female,88.189.242.137
47,Malchy,Tumilty,mtumilty1a@tiny.cc,Male,42.151.231.247
48,Shara,Beauchop,sbeauchop1b@indiatimes.com,Female,137.93.156.12
49,Allister,Buzin,abuzin1c@zdnet.com,Male,217.146.181.124
50,Sibilla,Littlecote,slittlecote1d@toplist.cz,Female,184.144.185.237
51,Winonah,Gerholz,wgerholz1e@freewebs.com,Female,77.21.128.227
52,Payton,Ashall,pashall1f@slideshare.net,Male,133.134.143.179
53,Christy,Hullett,chullett1g@merriam-webster.com,Male,49.25.98.216
54,Emmerich,Arnatt,earnatt1h@plala.or.jp,Male,232.39.143.73
55,Ellie,Banger,ebanger1i@hp.com,Female,142.73.63.10
56,Aili,Itzkovwich,aitzkovwich1j@chron.com,Female,233.250.213.244
57,Estella,De Ath,edeath1k@plala.or.jp,Female,56.190.187.149
58,Maisey,Stainbridge,mstainbridge1l@taobao.com,Female,242.31.103.255
59,Giustino,Misken,gmisken1m@about.com,Male,112.35.98.146
60,Ax,Mc Corley,amccorley1n@example.com,Male,242.104.41.75
61,Derk,Kloska,dkloska1o@rakuten.co.jp,Male,0.160.104.190
62,Jarrett,Humburton,jhumburton1p@aboutads.info,Male,67.44.0.191
63,Drew,Swinfen,dswinfen1q@msn.com,Male,197.255.232.189
64,Flynn,Riordan,friordan1r@list-manage.com,Male,43.108.171.217
65,Artur,Kimbury,akimbury1s@w3.org,Male,182.152.210.9
66,Bevon,Larmett,blarmett1t@cbsnews.com,Male,76.143.217.171
67,Bobbie,Millwater,bmillwater1u@trellian.com,Female,0.166.129.117
68,Carolynn,Adnett,cadnett1v@clickbank.net,Female,128.159.139.188
69,Denis,Cavanaugh,dcavanaugh1w@sogou.com,Male,30.73.158.164
70,Amaleta,Elrick,aelrick1x@imageshack.us,Female,160.55.188.220
71,Bud,McEwen,bmcewen1y@yale.edu,Male,171.247.20.223
72,Gabey,Bradforth,gbradforth1z@spotify.com,Female,237.196.207.105
73,Georgie,Gregolin,ggregolin20@slate.com,Female,16.238.242.250
74,Garv,Hay,ghay21@oakley.com,Male,53.223.148.56
75,Emmery,MacCawley,emaccawley22@bravesites.com,Male,206.31.85.17
76,Dilly,Griffithe,dgriffithe23@cmu.edu,Male,50.166.125.86
77,Karmen,Wildsmith,kwildsmith24@rakuten.co.jp,Female,239.240.152.6
78,Ddene,Grenshiels,dgrenshiels25@fotki.com,Female,200.189.73.19
79,Arnold,Videler,avideler26@si.edu,Male,152.114.206.43
80,Letta,Shillaker,lshillaker27@about.me,Female,6.144.68.161
81,Alayne,Minelli,aminelli28@squidoo.com,Female,143.152.81.171
82,Chucho,Wiffler,cwiffler29@apple.com,Male,19.125.95.231
83,Aleksandr,Tidbold,atidbold2a@squidoo.com,Male,91.182.236.238
84,Rollins,Weigh,rweigh2b@icq.com,Male,25.170.18.205
85,Tracie,Ubanks,tubanks2c@de.vu,Male,58.30.73.144
86,Ivonne,Hulbert,ihulbert2d@taobao.com,Female,234.192.162.48
87,Aldo,Gravatt,agravatt2e@networkadvertising.org,Male,36.25.154.142
88,Delmer,Grover,dgrover2f@cnet.com,Male,68.86.163.251
89,Iorgo,Breeze,ibreeze2g@intel.com,Male,29.98.188.49
90,Derek,Dolley,ddolley2h@shareasale.com,Male,211.67.86.113
91,Marcia,Husbands,mhusbands2i@smh.com.au,Female,107.209.60.53
92,Margot,Pierro,mpierro2j@addthis.com,Female,249.235.204.125
93,Jessika,Benesevich,jbenesevich2k@gmpg.org,Female,141.131.146.66
94,Gerrard,Rocco,grocco2l@spiegel.de,Male,240.48.171.207
95,Alec,Poultney,apoultney2m@state.gov,Male,239.101.150.65
96,Wendall,Yu,wyu2n@whitehouse.gov,Male,184.227.75.101
97,Lewie,O'Cullinane,locullinane2o@engadget.com,Male,74.178.245.218
98,Belia,Cattanach,bcattanach2p@gov.uk,Female,56.182.200.91
99,Florencia,Tinsey,ftinsey2q@nydailynews.com,Female,172.18.203.16
100,Joann,Dobbison,jdobbison2r@privacy.gov.au,Female,86.68.181.31
101,Raeann,Jacqueme,rjacqueme2s@netscape.com,Female,2.4.223.45
102,Jud,Splevin,jsplevin2t@smh.com.au,Male,163.236.105.50
103,Franny,Permain,fpermain2u@microsoft.com,Male,228.143.220.108
104,Eberhard,Sydes,esydes2v@flickr.com,Male,62.74.98.58
105,Cleve,Pridie,cpridie2w@china.com.cn,Male,122.89.186.89
106,Pru,Drinkel,pdrinkel2x@nbcnews.com,Female,138.240.168.167
107,Efrem,Room,eroom2y@sbwire.com,Male,238.233.99.147
108,Addi,Chattock,achattock2z@noaa.gov,Female,97.116.199.18
109,Clementius,Thowless,cthowless30@un.org,Male,172.176.215.141
110,Sibylla,Fydoe,sfydoe31@cbsnews.com,Female,165.107.209.229
111,Emmalynn,Dalziell,edalziell32@army.mil,Female,149.17.46.198
112,Reinaldos,Screach,rscreach33@ustream.tv,Male,35.222.94.39
113,Dodi,Weekland,dweekland34@histats.com,Female,79.90.34.98
114,Judah,Germann,jgermann35@nsw.gov.au,Male,149.97.101.21
115,Tess,Dobbinson,tdobbinson36@soundcloud.com,Female,235.98.156.89
116,Muire,Mountain,mmountain37@ebay.com,Female,154.196.233.222
117,Elora,MacAllan,emacallan38@cnet.com,Female,73.232.81.215
118,Zoe,Stott,zstott39@drupal.org,Female,105.44.23.101
119,Roddy,Simonnet,rsimonnet3a@pbs.org,Male,193.15.205.120
120,Lolly,Haibel,lhaibel3b@phoca.cz,Female,200.84.195.218
121,Gena,Portam,gportam3c@lulu.com,Female,244.85.148.192
122,Leanor,Sokell,lsokell3d@biblegateway.com,Female,80.145.219.198
123,Emilee,Newis,enewis3e@jimdo.com,Female,17.78.100.197
124,Kacey,Greening,kgreening3f@ucoz.com,Female,171.72.226.40
125,Nanni,Sweett,nsweett3g@yahoo.co.jp,Female,74.133.155.10
126,Joan,Lomond,jlomond3h@163.com,Female,148.37.36.204
127,Billy,Eastlake,beastlake3i@slashdot.org,Female,152.228.251.191
128,Ly,Cudiff,lcudiff3j@parallels.com,Male,147.124.60.182
129,Mariquilla,Janic,mjanic3k@alibaba.com,Female,42.127.206.63
130,Claudina,Di Biasio,cdibiasio3l@va.gov,Female,55.84.170.252
131,Viola,Aisbett,vaisbett3m@unc.edu,Female,183.94.220.17
132,Estrella,O'Grogane,eogrogane3n@goo.ne.jp,Female,210.27.77.87
133,Bobbee,Lamonby,blamonby3o@wordpress.org,Female,29.65.199.87
134,Nathalie,Mephan,nmephan3p@woothemes.com,Female,25.141.174.209
135,Corney,Hartley,chartley3q@themeforest.net,Male,24.60.141.29
136,Zacherie,Howell,zhowell3r@marketwatch.com,Male,134.226.48.111
137,Chantalle,Grimmer,cgrimmer3s@ow.ly,Female,16.143.166.126
138,Urbano,Yare,uyare3t@bbb.org,Male,234.240.54.173
139,Natal,Layfield,nlayfield3u@jimdo.com,Male,96.12.183.63
140,Zarla,Horwell,zhorwell3v@homestead.com,Female,158.54.47.79
141,Gregory,Fader,gfader3w@state.tx.us,Male,122.178.228.19
142,Manon,Wasielewicz,mwasielewicz3x@cyberchimps.com,Female,222.92.236.4
143,Ivan,Elton,ielton3y@surveymonkey.com,Male,93.181.15.127
144,Ulrica,Arnell,uarnell3z@cafepress.com,Female,160.126.104.177
145,Tammie,Crosio,tcrosio40@redcross.org,Male,66.6.107.169
146,Lazar,Dowtry,ldowtry41@etsy.com,Male,224.99.24.24
147,Suzanne,Jeste,sjeste42@whitehouse.gov,Female,60.31.58.129
148,Rosalyn,Goldsmith,rgoldsmith43@diigo.com,Female,212.18.220.51
149,Devondra,Rivel,drivel44@squidoo.com,Female,55.142.210.150
150,Rudolph,Skillett,rskillett45@imgur.com,Male,183.15.74.164
151,Oralle,Harwin,oharwin46@eventbrite.com,Female,138.64.242.188
152,Reginald,Boorman,rboorman47@1688.com,Male,31.238.170.185
153,Emlen,MacPadene,emacpadene48@deviantart.com,Male,7.114.221.252
154,Ashlen,Stannett,astannett49@nytimes.com,Female,49.17.189.140
155,Ninnette,Paul,npaul4a@unicef.org,Female,205.254.164.142
156,Lorinda,Ghiriardelli,lghiriardelli4b@vk.com,Female,114.189.48.57
157,Ezri,Brahan,ebrahan4c@amazon.co.jp,Male,40.67.159.239
158,Teresina,Maskell,tmaskell4d@digg.com,Female,236.250.190.194
159,Elissa,Felton,efelton4e@bing.com,Female,94.92.141.120
160,Anica,Gossipin,agossipin4f@gov.uk,Female,132.86.232.220
161,Madelin,Gillie,mgillie4g@bloglovin.com,Female,20.99.206.103
162,Quintana,Castiglione,qcastiglione4h@answers.com,Female,95.176.230.160
163,Florance,Van Merwe,fvanmerwe4i@storify.com,Female,161.131.162.70
164,Iosep,Willmot,iwillmot4j@linkedin.com,Male,83.246.202.203
165,Filberto,Sisneros,fsisneros4k@quantcast.com,Male,155.216.135.119
166,Izzy,Waliszewski,iwaliszewski4l@utexas.edu,Male,20.91.47.251
167,Ulises,Lumsden,ulumsden4m@github.io,Male,51.127.155.206
168,Kala,Jelliman,kjelliman4n@trellian.com,Female,137.78.213.108
169,Nancy,Allcroft,nallcroft4o@about.me,Female,151.206.94.79
170,Rance,Haydney,rhaydney4p@bluehost.com,Male,74.50.234.105
171,Murielle,Bruff,mbruff4q@youtu.be,Female,157.147.189.235
172,Gabrielle,Gelderd,ggelderd4r@oakley.com,Female,199.16.65.185
173,Vincenz,Matthessen,vmatthessen4s@fema.gov,Male,229.249.53.26
174,De witt,Burless,dburless4t@infoseek.co.jp,Male,18.109.168.103
175,Welbie,Bonnet,wbonnet4u@twitpic.com,Male,247.174.99.33
176,Hogan,Peace,hpeace4v@boston.com,Male,83.176.141.210
177,Tomas,Aucock,taucock4w@dot.gov,Male,206.212.84.165
178,Otho,Julyan,ojulyan4x@amazon.co.uk,Male,141.6.70.252
179,Reynold,Franey,rfraney4y@nps.gov,Male,211.16.159.102
180,Andrey,Morilla,amorilla4z@cbsnews.com,Male,39.153.187.237
181,Vally,Evans,vevans50@163.com,Female,96.36.109.135
182,Spencer,Aldcorn,saldcorn51@rakuten.co.jp,Male,170.156.214.39
183,Philipa,Kees,pkees52@livejournal.com,Female,97.242.166.208
184,Karil,Cawkwell,kcawkwell53@spotify.com,Female,127.255.28.148
185,Terra,Feitosa,tfeitosa54@yale.edu,Female,58.32.72.65
186,Gerrilee,Rajchert,grajchert55@bloglovin.com,Female,86.148.50.241
187,Mallory,Caroline,mcaroline56@ihg.com,Male,67.33.196.1
188,Angelica,Leneve,aleneve57@princeton.edu,Female,173.71.62.72
189,Zacherie,Carlin,zcarlin58@hibu.com,Male,219.112.50.127
190,Flss,Mougel,fmougel59@npr.org,Female,67.73.0.99
191,Franny,Lopez,flopez5a@bandcamp.com,Male,77.212.4.234
192,Egon,Pepis,epepis5b@shareasale.com,Male,185.226.236.61
193,Jase,Licari,jlicari5c@sphinn.com,Male,160.78.94.78
194,Karlens,Conant,kconant5d@bbc.co.uk,Male,142.152.106.82
195,Xever,Cleen,xcleen5e@sfgate.com,Male,1.6.158.109
196,Koralle,Myring,kmyring5f@artisteer.com,Female,42.71.40.200
197,Lorna,Pecey,lpecey5g@rakuten.co.jp,Female,120.55.20.190
198,Saidee,Glander,sglander5h@theguardian.com,Female,49.51.23.45
199,Conant,Newtown,cnewtown5i@ucoz.ru,Male,166.74.105.67
200,Booth,Owbridge,bowbridge5j@wordpress.com,Male,162.251.43.131
201,Dyanne,Igonet,digonet5k@t-online.de,Female,186.1.8.72
202,Barton,Abbatucci,babbatucci5l@sciencedirect.com,Male,246.88.145.108
203,Marianna,Essel,messel5m@booking.com,Female,112.39.166.99
204,Haskell,Aston,haston5n@ebay.com,Male,219.87.181.49
205,Doroteya,Earwicker,dearwicker5o@diigo.com,Female,27.54.149.218
206,Cristy,Babinski,cbabinski5p@chicagotribune.com,Female,220.3.68.135
207,Happy,Fuge,hfuge5q@youtube.com,Female,74.94.30.109
208,Godfree,Covendon,gcovendon5r@omniture.com,Male,136.234.164.192
209,Sarene,Chaffin,schaffin5s@cmu.edu,Female,187.232.100.176
210,Rolf,Feldon,rfeldon5t@netlog.com,Male,20.139.221.84
211,Abbie,Kelby,akelby5u@barnesandnoble.com,Female,92.174.54.133
212,Ambur,Kubista,akubista5v@homestead.com,Female,45.219.73.246
213,Shayna,Smallcomb,ssmallcomb5w@nytimes.com,Female,0.89.67.221
214,Korie,Sirr,ksirr5x@godaddy.com,Female,119.252.168.88
215,Verina,Burbidge,vburbidge5y@163.com,Female,186.172.44.31
216,Barry,Tolliday,btolliday5z@123-reg.co.uk,Female,122.77.6.146
217,Eleanora,Fossitt,efossitt60@webeden.co.uk,Female,63.228.122.58
218,Anjanette,Ballance,aballance61@jiathis.com,Female,88.75.45.63
219,Adelind,Limeburner,alimeburner62@yahoo.com,Female,25.91.178.156
220,Lucas,Dunmore,ldunmore63@1688.com,Male,168.129.237.241
221,Shaun,Ainsbury,sainsbury64@ask.com,Male,60.18.58.111
222,Bail,Brayson,bbrayson65@slate.com,Male,144.148.71.20
223,Melanie,Lingard,mlingard66@discovery.com,Female,177.236.154.140
224,Louisette,Wickett,lwickett67@mozilla.com,Female,231.254.187.231
225,Jenny,Botterell,jbotterell68@seattletimes.com,Female,249.91.103.205
226,Erich,Jordanson,ejordanson69@dyndns.org,Male,216.167.84.127
227,Sydney,Feben,sfeben6a@wikispaces.com,Female,144.67.53.65
228,Laureen,Filipic,lfilipic6b@soup.io,Female,100.221.174.201
229,Anetta,Tuting,atuting6c@senate.gov,Female,0.3.47.63
230,Davis,Bonnyson,dbonnyson6d@hhs.gov,Male,249.94.192.69
231,Tybi,Taffrey,ttaffrey6e@ox.ac.uk,Female,24.139.231.28
232,Daphne,Cridlin,dcridlin6f@webs.com,Female,249.99.91.25
233,Ursala,Fratczak,ufratczak6g@blogger.com,Female,30.105.21.103
234,Elsey,Killingbeck,ekillingbeck6h@sitemeter.com,Female,36.47.75.35
235,Rodina,Sully,rsully6i@yahoo.co.jp,Female,47.194.151.86
236,Aili,Danzig,adanzig6j@newyorker.com,Female,194.150.59.3
237,Todd,Gianetti,tgianetti6k@opera.com,Male,230.146.18.134
238,Dru,Murdy,dmurdy6l@amazonaws.com,Female,184.226.115.157
239,Tito,Trippett,ttrippett6m@smugmug.com,Male,98.39.49.214
240,Phylis,Wilder,pwilder6n@joomla.org,Female,46.159.96.191
241,Doll,Fackney,dfackney6o@mlb.com,Female,97.38.249.38
242,Humfried,Pavey,hpavey6p@springer.com,Male,188.84.110.83
243,Conni,Bance,cbance6q@google.com,Female,194.194.122.9
244,Colet,Walkden,cwalkden6r@feedburner.com,Male,180.89.95.152
245,Octavius,Goose,ogoose6s@gizmodo.com,Male,191.39.172.183
246,Simon,Perillio,sperillio6t@liveinternet.ru,Male,223.154.155.43
247,Bill,Castana,bcastana6u@linkedin.com,Female,26.122.157.100
248,Parnell,Bartosik,pbartosik6v@unesco.org,Male,75.133.147.202
249,Mersey,Sankey,msankey6w@list-manage.com,Female,182.59.155.226
250,Frieda,Garlinge,fgarlinge6x@artisteer.com,Female,144.46.87.169
251,Harv,Skyrm,hskyrm6y@nps.gov,Male,79.34.2.250
252,Ernst,Negal,enegal6z@hud.gov,Male,166.173.54.155
253,Harman,Gaynesford,hgaynesford70@skyrock.com,Male,80.197.218.19
254,Aarika,Damant,adamant71@addtoany.com,Female,210.231.34.21
255,Mirabella,Wiggins,mwiggins72@sitemeter.com,Female,172.157.171.215
256,Bethena,Twitchett,btwitchett73@livejournal.com,Female,252.150.24.9
257,Pietro,Bunker,pbunker74@ask.com,Male,169.1.22.236
258,Lars,Drei,ldrei75@zimbio.com,Male,166.129.246.35
259,Lamond,Leeming,lleeming76@nydailynews.com,Male,226.224.41.111
260,Hamish,Feveryear,hfeveryear77@w3.org,Male,159.234.142.18
261,Lek,Hazard,lhazard78@addtoany.com,Male,98.215.152.82
262,Devon,Osban,dosban79@taobao.com,Female,12.120.100.179
263,Nicolas,Lunck,nlunck7a@toplist.cz,Male,175.34.158.152
264,Patty,Worcs,pworcs7b@ebay.com,Female,237.9.143.146
265,Nicolle,Heimann,nheimann7c@cmu.edu,Female,146.131.78.93
266,Ira,Ditts,iditts7d@google.com.hk,Male,97.245.252.117
267,Ody,Truluck,otruluck7e@ca.gov,Male,33.159.191.178
268,Pennie,Imlock,pimlock7f@goo.gl,Female,75.146.238.237
269,Curran,Panas,cpanas7g@opera.com,Male,199.224.235.222
270,Marion,Gammell,mgammell7h@upenn.edu,Male,51.152.191.58
271,Helenelizabeth,Classen,hclassen7i@wisc.edu,Female,193.113.204.241
272,Halette,Bexon,hbexon7j@google.ca,Female,102.83.16.217
273,Friedrich,Baldazzi,fbaldazzi7k@icq.com,Male,120.66.158.8
274,Basile,Sirett,bsirett7l@de.vu,Male,45.176.203.26
275,Nicki,Vany,nvany7m@1688.com,Female,217.18.49.128
276,Garvy,Water,gwater7n@tripadvisor.com,Male,253.143.182.245
277,Dar,Soro,dsoro7o@vistaprint.com,Male,243.195.155.243
278,Tressa,Burnhams,tburnhams7p@deliciousdays.com,Female,45.149.169.107
279,Johannes,Tollerfield,jtollerfield7q@google.it,Male,38.69.224.7
280,Pen,Cantrell,pcantrell7r@forbes.com,Male,75.11.219.246
281,Maurice,Baus,mbaus7s@accuweather.com,Male,247.138.251.65
282,Corrine,Rule,crule7t@huffingtonpost.com,Female,158.94.237.177
283,Benita,Masey,bmasey7u@hexun.com,Female,75.133.43.134
284,Avis,Dreinan,adreinan7v@mac.com,Female,215.102.95.36
285,Norean,Stalf,nstalf7w@wiley.com,Female,140.39.231.217
286,Sayres,Bentley,sbentley7x@upenn.edu,Male,65.173.201.86
287,Carla,Coverdale,ccoverdale7y@barnesandnoble.com,Female,229.65.137.150
288,Ludvig,Bowart,lbowart7z@odnoklassniki.ru,Male,109.45.66.216
289,Terese,Couroy,tcouroy80@theguardian.com,Female,59.27.247.131
290,Clarissa,German,cgerman81@unicef.org,Female,129.198.130.185
291,Marni,McComiskey,mmccomiskey82@vkontakte.ru,Female,164.151.178.71
292,Emilee,Lazarus,elazarus83@ning.com,Female,162.152.112.64
293,Lilas,Winspur,lwinspur84@slashdot.org,Female,219.131.240.146
294,Victoir,Gaffey,vgaffey85@cdc.gov,Male,98.33.96.61
295,Artie,Brigman,abrigman86@bing.com,Male,73.9.127.237
296,Keane,Billison,kbillison87@cafepress.com,Male,229.192.186.255
297,Conny,Troup,ctroup88@reverbnation.com,Male,251.177.224.181
298,Darnall,Burchmore,dburchmore89@acquirethisname.com,Male,185.41.33.194
299,Pattie,Jenyns,pjenyns8a@symantec.com,Female,111.78.252.97
300,Olag,Godfray,ogodfray8b@utexas.edu,Male,57.133.163.184
301,Luelle,Keyhoe,lkeyhoe8c@wikipedia.org,Female,245.106.110.150
302,Carny,MacCart,cmaccart8d@bbc.co.uk,Male,76.177.41.252
303,Sibilla,Scorah,sscorah8e@liveinternet.ru,Female,181.187.102.66
304,Miranda,Haith,mhaith8f@webmd.com,Female,182.9.75.29
305,Abbey,Heeney,aheeney8g@quantcast.com,Female,9.64.0.241
306,Jennie,Widdowson,jwiddowson8h@sun.com,Female,55.7.63.247
307,Donica,Beedie,dbeedie8i@google.ru,Female,105.139.233.81
308,Ripley,Cawdery,rcawdery8j@weibo.com,Male,0.63.125.195
309,Cecilius,Mabone,cmabone8k@tinypic.com,Male,18.244.55.69
310,Jessie,Fruin,jfruin8l@ucoz.ru,Female,21.45.209.129
311,Dewitt,Tuiller,dtuiller8m@chicagotribune.com,Male,194.53.122.165
312,Dore,Roggero,droggero8n@simplemachines.org,Male,59.108.0.219
313,Ilsa,Coghlan,icoghlan8o@pen.io,Female,47.92.91.75
314,Doralyn,Yalden,dyalden8p@discuz.net,Female,226.81.64.141
315,Roosevelt,Lamzed,rlamzed8q@jalbum.net,Male,38.161.224.102
316,Fletcher,Johananov,fjohananov8r@nifty.com,Male,47.13.161.236
317,Barbee,McFfaden,bmcffaden8s@nasa.gov,Female,58.116.74.53
318,Graehme,Teodoro,gteodoro8t@umich.edu,Male,223.210.12.214
319,Karlis,Whitmell,kwhitmell8u@house.gov,Male,80.4.25.147
320,Stacy,Feavyour,sfeavyour8v@globo.com,Female,104.147.73.125
321,Elston,Pountain,epountain8w@rakuten.co.jp,Male,4.73.5.252
322,Emory,Pedrick,epedrick8x@comsenz.com,Male,210.43.173.184
323,Bertie,Primrose,bprimrose8y@columbia.edu,Male,129.237.196.56
324,Ingar,Larham,ilarham8z@bbc.co.uk,Male,105.138.10.165
325,Darn,Hiland,dhiland90@time.com,Male,236.25.140.141
326,Aurie,Gaisford,agaisford91@livejournal.com,Female,149.71.35.185
327,Rebe,Chaytor,rchaytor92@t.co,Female,185.119.231.50
328,Homerus,Bentall,hbentall93@seesaa.net,Male,108.17.193.121
329,Ive,Wasylkiewicz,iwasylkiewicz94@virginia.edu,Male,54.151.59.255
330,Inessa,Cordobes,icordobes95@unc.edu,Female,44.176.139.96
331,Monro,Bachelor,mbachelor96@123-reg.co.uk,Male,70.192.184.0
332,Barnard,Kruse,bkruse97@dailymotion.com,Male,85.238.94.46
333,Arney,Juan,ajuan98@mapy.cz,Male,96.48.47.138
334,Angeline,Waddington,awaddington99@behance.net,Female,108.17.123.178
335,Jan,Kydd,jkydd9a@blogspot.com,Male,232.95.92.15
336,Carlotta,Griswood,cgriswood9b@msu.edu,Female,1.105.238.4
337,Clotilda,Crohan,ccrohan9c@arstechnica.com,Female,187.156.17.62
338,Lorenzo,Sewter,lsewter9d@sciencedaily.com,Male,16.134.164.121
339,Eda,MacCrann,emaccrann9e@woothemes.com,Female,83.234.123.114
340,Tommi,Overell,toverell9f@marketwatch.com,Female,195.6.159.101
341,Cassondra,Triggs,ctriggs9g@economist.com,Female,182.231.46.157
342,Thibaud,Pentelow,tpentelow9h@archive.org,Male,113.90.82.117
343,Dilly,McLevie,dmclevie9i@chronoengine.com,Male,128.225.229.7
344,Ritchie,Luxen,rluxen9j@mapquest.com,Male,129.18.144.152
345,Melinda,Bracknell,mbracknell9k@jimdo.com,Female,206.94.217.246
346,Pavla,Lembke,plembke9l@java.com,Female,171.138.37.83
347,Flor,Minshull,fminshull9m@scribd.com,Female,141.241.180.177
348,Osbert,Dugmore,odugmore9n@nsw.gov.au,Male,181.1.128.165
349,Ody,Borzone,oborzone9o@apache.org,Male,138.125.10.161
350,Vevay,Abad,vabad9p@free.fr,Female,158.130.117.159
351,Dominik,Worsley,dworsley9q@squarespace.com,Male,123.103.32.185
352,Barr,Yesichev,byesichev9r@ucsd.edu,Male,30.184.156.248
353,Cully,Crady,ccrady9s@bloglines.com,Male,179.107.98.16
354,Mart,Rioch,mrioch9t@guardian.co.uk,Male,6.174.156.114
355,Boy,Mixon,bmixon9u@shinystat.com,Male,89.122.219.0
356,Talbert,Valadez,tvaladez9v@chicagotribune.com,Male,166.15.213.233
357,Orton,Goulstone,ogoulstone9w@storify.com,Male,247.62.144.210
358,Teodor,Argyle,targyle9x@histats.com,Male,230.10.34.139
359,Jarrod,Milsom,jmilsom9y@psu.edu,Male,113.30.237.230
360,Isis,Wingate,iwingate9z@bigcartel.com,Female,237.240.240.117
361,Pansy,Shires,pshiresa0@baidu.com,Female,40.110.182.252
362,Shannan,Sikorski,ssikorskia1@jigsy.com,Male,10.58.66.164
363,Roosevelt,Treweek,rtreweeka2@chron.com,Male,136.44.118.30
364,Daven,Bardwall,dbardwalla3@umich.edu,Male,179.119.147.222
365,Alika,Balding,abaldinga4@bizjournals.com,Female,51.17.153.155
366,Bryanty,Patkin,bpatkina5@army.mil,Male,58.86.47.191
367,Marice,Junes,mjunesa6@bbc.co.uk,Female,197.189.177.181
368,Wilt,Brackenridge,wbrackenridgea7@mlb.com,Male,193.236.207.156
369,Maddy,Kops,mkopsa8@homestead.com,Female,100.96.30.47
370,Rosmunda,Maberley,rmaberleya9@newsvine.com,Female,4.111.35.95
371,Estelle,Dillet,edilletaa@miitbeian.gov.cn,Female,193.175.48.96
372,Otes,Lymer,olymerab@alibaba.com,Male,221.174.60.255
373,Darill,Garfath,dgarfathac@sciencedirect.com,Male,58.219.156.33
374,Clo,Leddie,cleddiead@blinklist.com,Female,142.95.127.235
375,Nicol,Aylwin,naylwinae@hc360.com,Female,196.124.143.68
376,Berry,Matresse,bmatresseaf@fastcompany.com,Female,155.254.111.182
377,Euphemia,Bretherick,ebretherickag@slideshare.net,Female,68.67.221.76
378,Hersch,McQuilty,hmcquiltyah@homestead.com,Male,192.226.70.113
379,Granville,Boarder,gboarderai@bigcartel.com,Male,149.214.53.26
380,Melodie,Linkleter,mlinkleteraj@4shared.com,Female,32.142.73.81
381,Koressa,Renzullo,krenzulloak@toplist.cz,Female,148.185.124.130
382,Starlin,Greenside,sgreensideal@nydailynews.com,Female,167.37.86.144
383,Trip,Hedley,thedleyam@example.com,Male,77.237.95.135
384,Annmaria,Malacrida,amalacridaan@jugem.jp,Female,18.37.104.64
385,Kary,Goade,kgoadeao@cnet.com,Female,217.10.75.99
386,Robin,Klee,rkleeap@ucla.edu,Female,118.21.69.62
387,Daniel,Knight,dknightaq@etsy.com,Male,131.75.119.152
388,Tudor,Crucetti,tcrucettiar@studiopress.com,Male,35.16.216.179
389,Bran,O'Fihillie,bofihillieas@naver.com,Male,252.126.85.247
390,Ibbie,Antonopoulos,iantonopoulosat@howstuffworks.com,Female,73.117.85.60
391,Juliann,Pinnere,jpinnereau@msn.com,Female,91.117.92.82
392,Giana,Mourant,gmourantav@bloglovin.com,Female,189.61.250.158
393,Nonah,Roblett,nroblettaw@twitter.com,Female,208.122.138.70
394,Mack,Janny,mjannyax@skype.com,Male,205.3.147.111
395,Eve,Ralls,erallsay@army.mil,Female,137.26.139.176
396,Penny,Durant,pdurantaz@weather.com,Male,111.130.108.114
397,Anabel,Fulleylove,afulleyloveb0@dion.ne.jp,Female,232.226.111.72
398,Rani,Spedding,rspeddingb1@oaic.gov.au,Female,191.36.77.42
399,Shellysheldon,McBean,smcbeanb2@infoseek.co.jp,Male,42.118.38.111
400,Georgina,Buttle,gbuttleb3@ihg.com,Female,99.162.8.111
401,Vernen,Prin,vprinb4@si.edu,Male,236.219.248.75
402,Chloe,Giles,cgilesb5@squarespace.com,Female,161.133.115.131
403,Artemas,Ride,arideb6@nasa.gov,Male,195.32.151.73
404,Rogers,Kundert,rkundertb7@nifty.com,Male,201.0.195.76
405,Jesse,Jeanet,jjeanetb8@dmoz.org,Female,205.55.97.141
406,Kiley,Underwood,kunderwoodb9@sbwire.com,Female,201.184.137.6
407,Laney,Figgins,lfigginsba@elpais.com,Female,171.11.15.52
408,Margareta,Amyes,mamyesbb@furl.net,Female,81.181.142.40
409,Odele,Fysh,ofyshbc@phpbb.com,Female,170.158.82.106
410,Solomon,Gaspar,sgasparbd@lulu.com,Male,107.103.82.67
411,Reagan,Lello,rlellobe@feedburner.com,Male,208.188.86.119
412,Fredelia,Gentner,fgentnerbf@utexas.edu,Female,16.89.29.74
413,Bastien,Sibly,bsiblybg@yellowpages.com,Male,149.239.13.29
414,Barby,Walewicz,bwalewiczbh@hibu.com,Female,3.138.232.130
415,Drugi,Potts,dpottsbi@umich.edu,Male,158.25.206.71
416,Josiah,Darling,jdarlingbj@163.com,Male,54.245.129.241
417,Sileas,Ervin,servinbk@si.edu,Female,208.174.151.200
418,Tabbi,Van Arsdall,tvanarsdallbl@tiny.cc,Female,234.238.97.144
419,Kain,Paydon,kpaydonbm@amazon.de,Male,126.99.133.1
420,Blaine,Happel,bhappelbn@amazon.com,Male,37.82.19.255
421,Waylen,Milne,wmilnebo@furl.net,Male,52.158.133.134
422,Tyler,Roscoe,troscoebp@toplist.cz,Male,23.62.174.20
423,Rosette,Unstead,runsteadbq@moonfruit.com,Female,187.100.255.186
424,Noby,Brunon,nbrunonbr@shutterfly.com,Male,31.184.199.20
425,Carolee,Jaggers,cjaggersbs@latimes.com,Female,86.81.91.238
426,Codie,Sanney,csanneybt@symantec.com,Female,77.186.53.184
427,Fina,Cupitt,fcupittbu@yale.edu,Female,5.248.209.38
428,Shayne,Normavill,snormavillbv@merriam-webster.com,Male,42.133.71.5
429,Finley,Graver,fgraverbw@goo.gl,Male,249.150.208.19
430,Beck,Blakeborough,bblakeboroughbx@apache.org,Male,229.176.143.171
431,Conney,Waggatt,cwaggattby@amazon.co.uk,Male,178.212.41.119
432,Erv,Scawn,escawnbz@who.int,Male,31.52.166.57
433,Teddie,Casbourne,tcasbournec0@prnewswire.com,Female,90.117.53.83
434,Marcelle,Burnsides,mburnsidesc1@1und1.de,Female,94.149.77.123
435,Henka,Brooking,hbrookingc2@booking.com,Female,42.73.198.26
436,Phillipe,Stratz,pstratzc3@flickr.com,Male,193.42.36.47
437,Mattie,Gallafant,mgallafantc4@dropbox.com,Female,48.165.96.240
438,Lena,Jessel,ljesselc5@chicagotribune.com,Female,81.71.190.149
439,Donetta,Foxwell,dfoxwellc6@booking.com,Female,45.209.250.165
440,Freeland,Shilvock,fshilvockc7@fastcompany.com,Male,80.186.148.52
441,Cyndie,Kibbey,ckibbeyc8@tuttocitta.it,Female,189.28.200.161
442,Scotti,Eagar,seagarc9@loc.gov,Male,56.81.145.1
443,Klement,Mayhead,kmayheadca@php.net,Male,16.252.49.13
444,Keri,Epsley,kepsleycb@paginegialle.it,Female,176.186.233.112
445,Finn,Armit,farmitcc@apple.com,Male,238.60.113.93
446,Kerstin,Wenden,kwendencd@cocolog-nifty.com,Female,116.21.207.92
447,Wells,Insull,winsullce@1688.com,Male,9.90.199.52
448,Laurens,Mair,lmaircf@merriam-webster.com,Male,76.58.246.182
449,Vladimir,Sunnucks,vsunnuckscg@sun.com,Male,163.97.178.142
450,Dorthea,Cecil,dcecilch@wikimedia.org,Female,225.213.10.57
451,Sheela,Pignon,spignonci@ebay.co.uk,Female,37.211.13.89
452,Angelle,Smale,asmalecj@1und1.de,Female,154.59.176.44
453,Zechariah,MacTeggart,zmacteggartck@so-net.ne.jp,Male,229.231.63.210
454,Teddy,Raisbeck,traisbeckcl@shop-pro.jp,Male,158.99.158.72
455,Tyrus,Orritt,torrittcm@epa.gov,Male,35.149.49.248
456,Opaline,Franklen,ofranklencn@japanpost.jp,Female,175.102.71.235
457,Stearn,Ledes,sledesco@shareasale.com,Male,212.109.34.156
458,Sherilyn,Jurasek,sjurasekcp@discuz.net,Female,1.26.167.192
459,Leontyne,Woodhams,lwoodhamscq@independent.co.uk,Female,50.174.105.8
460,Barri,Spafford,bspaffordcr@google.nl,Male,98.125.181.116
461,Stanton,Sutton,ssuttoncs@shutterfly.com,Male,64.11.164.158
462,Tresa,Van Velden,tvanveldenct@vkontakte.ru,Female,72.47.230.226
463,Roosevelt,Simper,rsimpercu@hibu.com,Male,119.18.98.14
464,Erda,Oughtright,eoughtrightcv@answers.com,Female,102.223.133.101
465,Charmine,Andrich,candrichcw@admin.ch,Female,169.250.118.6
466,Clair,Jovanovic,cjovanoviccx@ox.ac.uk,Female,202.58.169.206
467,Brade,Stiff,bstiffcy@desdev.cn,Male,150.20.95.94
468,Jeniffer,Damiral,jdamiralcz@squarespace.com,Female,253.225.177.36
469,Gregoor,Haster,ghasterd0@joomla.org,Male,49.14.105.226
470,Robbi,Rubertis,rrubertisd1@zdnet.com,Female,136.170.167.17
471,Marieann,Hun,mhund2@wix.com,Female,58.230.215.133
472,El,Iacopetti,eiacopettid3@stumbleupon.com,Male,38.150.172.110
473,Layton,Woolner,lwoolnerd4@printfriendly.com,Male,73.238.224.240
474,Jarrett,De Lisle,jdelisled5@tumblr.com,Male,121.175.20.60
475,Muffin,Keighley,mkeighleyd6@usda.gov,Male,13.69.114.5
476,Nana,Goodlake,ngoodlaked7@cam.ac.uk,Female,215.200.93.235
477,Keelby,Calladine,kcalladined8@rediff.com,Male,178.57.209.161
478,Rayshell,Dilgarno,rdilgarnod9@japanpost.jp,Female,101.125.102.193
479,Juan,O' Cloney,jocloneyda@sohu.com,Male,94.169.159.18
480,Michell,Clive,mclivedb@illinois.edu,Female,221.255.178.206
481,Johnnie,Greggersen,jgreggersendc@pcworld.com,Male,237.212.81.40
482,Sidonia,MacPaike,smacpaikedd@smh.com.au,Female,230.123.208.93
483,Clement,Ridge,cridgede@smugmug.com,Male,71.249.151.94
484,Duane,Ponton,dpontondf@ft.com,Male,50.222.199.200
485,Salvador,Brightie,sbrightiedg@livejournal.com,Male,89.91.161.139
486,Ripley,Tolumello,rtolumellodh@si.edu,Male,1.219.189.127
487,Lalo,Twiggs,ltwiggsdi@mapy.cz,Male,80.112.248.117
488,Noelyn,McCerery,nmccererydj@imgur.com,Female,169.39.72.187
489,Guinna,Hallows,ghallowsdk@who.int,Female,250.9.248.50
490,Jarvis,Houlden,jhouldendl@constantcontact.com,Male,48.28.112.232
491,Fredek,Antal,fantaldm@rakuten.co.jp,Male,193.130.113.209
492,Brynna,Tunnadine,btunnadinedn@netscape.com,Female,75.50.34.78
493,Husein,Beathem,hbeathemdo@w3.org,Male,239.137.51.172
494,Ferris,Geindre,fgeindredp@tiny.cc,Male,124.91.42.23
495,Mireille,Couchman,mcouchmandq@youtube.com,Female,68.191.177.234
496,Huntley,Virgo,hvirgodr@marketwatch.com,Male,37.23.158.112
497,Harriet,Petronis,hpetronisds@sciencedaily.com,Female,192.91.228.206
498,Nissy,Kraut,nkrautdt@slideshare.net,Female,211.100.131.200
499,Meredith,Davidovits,mdavidovitsdu@cdc.gov,Male,69.17.217.33
500,Natal,Fidele,nfideledv@slideshare.net,Male,165.215.87.45
501,Juline,Schreiner,jschreinerdw@census.gov,Female,185.103.227.182
502,Bard,Kuhnt,bkuhntdx@weebly.com,Male,117.245.147.31
503,Maisey,Ahlf,mahlfdy@goodreads.com,Female,179.18.70.47
504,Timmi,Tomaszewicz,ttomaszewiczdz@chicagotribune.com,Female,60.225.161.246
505,Selia,Youde,syoudee0@intel.com,Female,124.208.239.224
506,Edsel,Corzor,ecorzore1@imdb.com,Male,106.11.193.14
507,Gannie,Ruxton,gruxtone2@blogs.com,Male,74.5.219.248
508,Ashil,Hymus,ahymuse3@yahoo.co.jp,Female,105.19.77.85
509,Enrique,Leates,eleatese4@comsenz.com,Male,197.7.81.106
510,Tresa,Bowhey,tbowheye5@mozilla.com,Female,196.177.45.134
511,Ephraim,Gillett,egillette6@shutterfly.com,Male,63.78.184.223
512,Doug,Grissett,dgrissette7@spiegel.de,Male,145.68.192.180
513,Hinze,Gladdor,hgladdore8@samsung.com,Male,182.208.133.211
514,Gilda,Baggallay,gbaggallaye9@multiply.com,Female,58.245.93.255
515,Harriott,Challiner,hchallinerea@reuters.com,Female,17.68.165.99
516,Eddy,O'Kerin,eokerineb@apple.com,Female,1.12.63.226
517,Aime,Titterton,atittertonec@blogger.com,Female,214.123.90.91
518,Wallie,Johnstone,wjohnstoneed@abc.net.au,Female,2.246.151.109
519,Roth,Cadreman,rcadremanee@cbslocal.com,Male,134.37.135.161
520,Scot,Kelleher,skelleheref@weebly.com,Male,95.85.193.167
521,Joscelin,Rundall,jrundalleg@house.gov,Female,101.26.246.194
522,Nealon,Marin,nmarineh@deliciousdays.com,Male,192.44.224.251
523,Ertha,Chittenden,echittendenei@meetup.com,Female,9.251.210.10
524,Townsend,Comberbeach,tcomberbeachej@discovery.com,Male,221.79.64.107
525,Nathanael,Verma,nvermaek@cmu.edu,Male,44.149.255.70
526,Marylinda,Carillo,mcarilloel@tinypic.com,Female,241.54.137.238
527,Carroll,Budget,cbudgetem@diigo.com,Male,217.30.171.15
528,Sebastiano,Tabbitt,stabbitten@barnesandnoble.com,Male,230.188.31.12
529,Devin,Venditti,dvendittieo@pcworld.com,Male,252.254.197.90
530,Durward,Boice,dboiceep@ycombinator.com,Male,67.244.112.101
531,Harold,Bickerstaffe,hbickerstaffeeq@google.com.au,Male,247.74.143.102
532,Bonnie,Talkington,btalkingtoner@xing.com,Female,141.6.38.157
533,Filmer,Cornborough,fcornboroughes@hatena.ne.jp,Male,29.17.14.218
534,Darrin,Bisp,dbispet@cbsnews.com,Male,61.244.5.132
535,Lorri,Bilston,lbilstoneu@tuttocitta.it,Female,146.150.109.154
536,Carrie,Kitcatt,ckitcattev@hhs.gov,Female,242.236.240.50
537,Lorin,Daintry,ldaintryew@bizjournals.com,Male,75.65.181.99
538,Teador,Rearden,treardenex@ask.com,Male,206.0.25.155
539,Elke,McPaike,emcpaikeey@squarespace.com,Female,238.90.208.10
540,Freddy,Bloys,fbloysez@answers.com,Female,216.139.249.46
541,Byrann,Hicklingbottom,bhicklingbottomf0@cocolog-nifty.com,Male,187.10.71.231
542,Anna-diana,Kubacki,akubackif1@admin.ch,Female,116.30.192.70
543,Prisca,Yeatman,pyeatmanf2@constantcontact.com,Female,163.98.180.190
544,Irwinn,Sherbrook,isherbrookf3@dot.gov,Male,2.194.193.14
545,Anthony,Charte,achartef4@mit.edu,Male,119.209.161.21
546,Robinet,Crigin,rcriginf5@mit.edu,Female,16.179.195.100
547,Tobie,Kilfether,tkilfetherf6@phpbb.com,Male,84.48.203.161
548,Brew,Kinvig,bkinvigf7@skyrock.com,Male,55.115.220.50
549,Gunther,Face,gfacef8@hatena.ne.jp,Male,200.193.174.62
550,Muffin,Harrema,mharremaf9@boston.com,Female,205.167.199.145
551,Raff,Wakeling,rwakelingfa@bloglovin.com,Male,2.60.228.44
552,Gard,Fucher,gfucherfb@w3.org,Male,135.242.50.23
553,Skipton,Curton,scurtonfc@zimbio.com,Male,94.92.167.225
554,Pauline,Gingel,pgingelfd@ameblo.jp,Female,16.186.89.217
555,Brady,Marks,bmarksfe@goo.ne.jp,Male,111.34.57.159
556,Clevey,Di Domenico,cdidomenicoff@pinterest.com,Male,164.164.32.198
557,Jammal,Elderbrant,jelderbrantfg@foxnews.com,Male,174.176.89.80
558,Kathleen,Osbourn,kosbournfh@hostgator.com,Female,186.110.20.163
559,Mackenzie,Hegarty,mhegartyfi@facebook.com,Male,40.144.34.39
560,Shara,Silvers,ssilversfj@bbc.co.uk,Female,215.21.65.225
561,Hamid,Mozzetti,hmozzettifk@si.edu,Male,95.250.206.81
562,Clayborn,Yantsurev,cyantsurevfl@free.fr,Male,99.93.52.158
563,Simeon,Catmull,scatmullfm@bandcamp.com,Male,174.137.88.153
564,Reeva,Goult,rgoultfn@booking.com,Female,111.249.234.11
565,Nomi,Arendt,narendtfo@cnbc.com,Female,203.206.212.15
566,Margret,Telezhkin,mtelezhkinfp@gmpg.org,Female,45.43.20.144
567,Layton,Edmans,ledmansfq@blogtalkradio.com,Male,198.15.25.12
568,Koralle,Burdess,kburdessfr@xrea.com,Female,249.178.209.72
569,Ferd,Holberry,fholberryfs@booking.com,Male,151.218.243.97
570,Cristi,Ricciardello,cricciardelloft@google.co.jp,Female,234.67.255.138
571,Jermaine,Bramwich,jbramwichfu@answers.com,Male,70.142.171.235
572,Ford,Fiveash,ffiveashfv@seesaa.net,Male,164.200.249.146
573,Jermain,Gregor,jgregorfw@ihg.com,Male,151.176.2.26
574,Shawna,Keiling,skeilingfx@geocities.jp,Female,131.120.111.96
575,Ebenezer,Krier,ekrierfy@yolasite.com,Male,176.61.216.244
576,Ashbey,Watsham,awatshamfz@quantcast.com,Male,224.91.158.96
577,Barbie,Johanchon,bjohanchong0@about.me,Female,254.142.90.216
578,Lorenzo,Mellows,lmellowsg1@spotify.com,Male,243.131.87.106
579,Esdras,Duffin,eduffing2@deliciousdays.com,Male,235.152.104.2
580,Missie,Tchir,mtchirg3@prweb.com,Female,217.110.187.19
581,Kim,Keele,kkeeleg4@foxnews.com,Female,222.36.218.236
582,Pennie,Turnell,pturnellg5@ucla.edu,Male,154.19.121.185
583,Briana,Faussett,bfaussettg6@prnewswire.com,Female,0.246.252.30
584,Izak,Yanov,iyanovg7@google.co.jp,Male,151.243.227.204
585,Fonz,Titchmarsh,ftitchmarshg8@mysql.com,Male,90.11.106.15
586,Gianna,Meekins,gmeekinsg9@abc.net.au,Female,121.122.162.174
587,Marlane,Braim,mbraimga@myspace.com,Female,224.133.107.132
588,Chryste,Flounders,cfloundersgb@house.gov,Female,80.250.200.217
589,Maynord,Schutze,mschutzegc@tamu.edu,Male,102.184.202.107
590,Zsa zsa,Burns,zburnsgd@soup.io,Female,59.143.157.235
591,Carla,Vaneev,cvaneevge@google.co.jp,Female,48.237.16.159
592,Diane-marie,Dowd,ddowdgf@about.me,Female,181.208.146.6
593,Nappy,Brailey,nbraileygg@ibm.com,Male,204.128.245.236
594,Doretta,Jaksic,djaksicgh@cbc.ca,Female,159.35.237.243
595,Cecilia,Glendza,cglendzagi@cocolog-nifty.com,Female,142.20.139.154
596,Wally,Casazza,wcasazzagj@xrea.com,Male,134.147.58.239
597,Caren,Bearne,cbearnegk@thetimes.co.uk,Female,129.254.176.3
598,Naoma,Holde,nholdegl@cafepress.com,Female,63.248.80.12
599,Gustav,Thickpenny,gthickpennygm@patch.com,Male,117.50.43.76
600,Claire,Guillot,cguillotgn@mozilla.com,Male,59.170.229.109
601,Bill,Espinos,bespinosgo@acquirethisname.com,Male,1.31.108.34
602,Mechelle,Adamo,madamogp@europa.eu,Female,43.144.248.247
603,Mike,Fouch,mfouchgq@buzzfeed.com,Male,228.12.151.104
604,Christabella,Riccardini,criccardinigr@about.me,Female,147.105.225.149
605,Tobi,Zappel,tzappelgs@prlog.org,Female,202.154.149.253
606,Georgeta,Bowdrey,gbowdreygt@theatlantic.com,Female,206.205.49.47
607,Astra,Ottiwill,aottiwillgu@dagondesign.com,Female,193.55.137.8
608,Dacie,Sifflett,dsifflettgv@google.co.jp,Female,72.149.15.4
609,Robbie,Colvill,rcolvillgw@chicagotribune.com,Male,240.94.147.237
610,Clayborne,Winman,cwinmangx@storify.com,Male,216.109.75.51
611,Scarlett,Pinkney,spinkneygy@pcworld.com,Female,244.90.112.154
612,Domenico,Giacopelo,dgiacopelogz@biglobe.ne.jp,Male,57.127.97.172
613,Maren,Tweedell,mtweedellh0@hatena.ne.jp,Female,115.91.253.192
614,Taite,Brackstone,tbrackstoneh1@cisco.com,Male,165.130.70.120
615,Agace,Fancourt,afancourth2@php.net,Female,159.122.254.168
616,Luz,McGillacoell,lmcgillacoellh3@nifty.com,Female,28.61.134.123
617,Augustine,Tremlett,atremletth4@a8.net,Female,222.197.36.164
618,Giavani,McCurtain,gmccurtainh5@tinyurl.com,Male,44.46.227.113
619,Laird,Bellew,lbellewh6@ow.ly,Male,157.119.111.4
620,Gloria,Brinkworth,gbrinkworthh7@yellowpages.com,Female,72.41.146.128
621,Boris,Crose,bcroseh8@cyberchimps.com,Male,72.205.60.65
622,Eden,Riggulsford,eriggulsfordh9@smh.com.au,Female,34.197.154.186
623,Dayna,Belfitt,dbelfittha@gravatar.com,Female,133.151.44.2
624,Sherwood,O'Hollegan,soholleganhb@sfgate.com,Male,204.237.27.99
625,Saw,Meineken,smeinekenhc@ycombinator.com,Male,131.50.220.6
626,Tammy,Kleinmann,tkleinmannhd@joomla.org,Male,192.133.52.136
627,Jayson,Mulford,jmulfordhe@technorati.com,Male,134.222.41.188
628,Nichole,Dix,ndixhf@ehow.com,Male,195.228.180.97
629,Cherilyn,Vernay,cvernayhg@icio.us,Female,37.214.10.82
630,Lorenza,Sunley,lsunleyhh@chron.com,Female,122.80.225.83
631,Martha,Mechem,mmechemhi@diigo.com,Female,29.159.53.58
632,Britney,Kernes,bkerneshj@nyu.edu,Female,238.9.232.150
633,Hiram,Kyncl,hkynclhk@mozilla.com,Male,17.130.164.151
634,Zaria,Portman,zportmanhl@pen.io,Female,87.255.2.220
635,Warner,Wasmuth,wwasmuthhm@studiopress.com,Male,217.102.72.236
636,Roze,Pichan,rpichanhn@newsvine.com,Female,168.103.74.233
637,Billie,Heisman,bheismanho@fotki.com,Female,43.254.23.215
638,Raeann,Simanek,rsimanekhp@npr.org,Female,92.170.65.180
639,Dilan,Egell,degellhq@vimeo.com,Male,63.186.12.93
640,Clair,Witsey,cwitseyhr@earthlink.net,Male,142.5.59.118
641,Jesselyn,Bartusek,jbartusekhs@nyu.edu,Female,26.208.21.1
642,Niles,McBratney,nmcbratneyht@eventbrite.com,Male,71.173.195.84
643,Tad,Russan,trussanhu@edublogs.org,Male,84.43.188.24
644,Barris,Hubbucke,bhubbuckehv@smugmug.com,Male,124.14.222.152
645,Emery,Purslow,epurslowhw@cdbaby.com,Male,58.197.132.222
646,Huberto,Pilsbury,hpilsburyhx@home.pl,Male,163.182.49.209
647,Alastair,O'Conor,aoconorhy@pbs.org,Male,249.79.207.198
648,Gallagher,de Quesne,gdequesnehz@redcross.org,Male,135.56.2.251
649,Whitaker,Piddick,wpiddicki0@amazon.de,Male,189.35.102.193
650,Esta,Bradbury,ebradburyi1@diigo.com,Female,122.5.252.220
651,Hal,Jursch,hjurschi2@free.fr,Male,151.97.195.245
652,Tatum,Regglar,tregglari3@seattletimes.com,Female,200.175.99.87
653,Riccardo,MacFall,rmacfalli4@elpais.com,Male,203.217.85.56
654,Rochella,Hofton,rhoftoni5@sohu.com,Female,15.252.208.18
655,Evangelia,Aykroyd,eaykroydi6@hao123.com,Female,234.25.239.101
656,Corrianne,Surmon,csurmoni7@irs.gov,Female,181.28.195.216
657,Sylas,Hartzog,shartzogi8@hatena.ne.jp,Male,116.140.106.219
658,Selinda,Jacop,sjacopi9@webeden.co.uk,Female,116.211.73.118
659,Chicky,Schruyers,cschruyersia@desdev.cn,Male,218.159.159.232
660,Annice,Turney,aturneyib@youtu.be,Female,112.248.45.160
661,Jeromy,Cornil,jcornilic@sogou.com,Male,115.112.137.96
662,Greta,Juggins,gjugginsid@pbs.org,Female,249.100.215.252
663,Honor,Choulerton,hchoulertonie@oaic.gov.au,Female,242.34.154.67
664,Rebeka,Nason,rnasonif@guardian.co.uk,Female,110.215.134.86
665,Ania,Paddemore,apaddemoreig@cnn.com,Female,1.105.69.113
666,Lotty,Rounds,lroundsih@census.gov,Female,207.57.100.145
667,Nicolas,Ranald,nranaldii@virginia.edu,Male,178.64.137.245
668,Chadwick,Cherm,cchermij@google.cn,Male,76.185.37.110
669,Karie,Bowle,kbowleik@chronoengine.com,Female,68.28.185.206
670,Tobias,Caffrey,tcaffreyil@irs.gov,Male,97.246.138.187
671,Clara,D'Andrea,cdandreaim@about.me,Female,8.139.221.224
672,Cammi,Phidgin,cphidginin@who.int,Female,228.233.122.24
673,Judie,Mattimoe,jmattimoeio@answers.com,Female,108.124.35.4
674,Alli,Timbridge,atimbridgeip@hp.com,Female,4.220.199.208
675,Floyd,Antushev,fantusheviq@usa.gov,Male,244.235.80.173
676,Zerk,Halmkin,zhalmkinir@cbc.ca,Male,178.251.204.142
677,Rowena,Foggo,rfoggois@surveymonkey.com,Female,123.159.182.212
678,Yvon,Creamen,ycreamenit@theglobeandmail.com,Male,200.50.85.243
679,Bryant,Cradock,bcradockiu@umn.edu,Male,57.103.35.194
680,Corie,Collinson,ccollinsoniv@fc2.com,Female,225.127.119.3
681,Kizzee,Mounsey,kmounseyiw@trellian.com,Female,60.192.138.174
682,Anatollo,Arendsen,aarendsenix@mtv.com,Male,154.83.207.232
683,Elisha,Sudron,esudroniy@jimdo.com,Male,95.92.38.177
684,Thedric,Maryon,tmaryoniz@berkeley.edu,Male,90.199.4.167
685,Rana,Henriques,rhenriquesj0@sciencedirect.com,Female,184.174.41.101
686,Cherice,McMurraya,cmcmurrayaj1@netlog.com,Female,23.41.83.195
687,Hillyer,Crump,hcrumpj2@biglobe.ne.jp,Male,89.17.38.2
688,Martina,Gorick,mgorickj3@hao123.com,Female,133.110.54.179
689,Clem,Ernshaw,cernshawj4@tumblr.com,Male,39.227.117.130
690,Blanch,Farlowe,bfarlowej5@sitemeter.com,Female,222.76.149.16
691,Nowell,Muris,nmurisj6@csmonitor.com,Male,93.140.78.161
692,Toni,Crush,tcrushj7@de.vu,Female,206.169.234.28
693,Dyan,Beeble,dbeeblej8@zdnet.com,Female,249.186.254.234
694,Cully,Fant,cfantj9@paypal.com,Male,113.160.176.66
695,Curtice,Davenhill,cdavenhillja@csmonitor.com,Male,227.132.109.211
696,Shurlocke,Lisciardelli,slisciardellijb@ustream.tv,Male,139.137.209.65
697,Brewster,Kasher,bkasherjc@adobe.com,Male,149.237.85.23
698,Cly,Detoc,cdetocjd@spiegel.de,Male,46.154.130.236
699,Maryjo,Blaxill,mblaxillje@deliciousdays.com,Female,44.237.205.141
700,Stearne,Ollet,solletjf@dagondesign.com,Male,185.252.4.107
701,Jehanna,Berre,jberrejg@issuu.com,Female,153.8.94.128
702,Nicki,O'Connor,noconnorjh@independent.co.uk,Female,212.116.239.36
703,Elvin,Kemston,ekemstonji@discuz.net,Male,101.56.82.112
704,Jimmie,Pohling,jpohlingjj@earthlink.net,Male,179.247.137.201
705,Minor,McPhillips,mmcphillipsjk@wikipedia.org,Male,54.5.69.3
706,Emmery,Kirkby,ekirkbyjl@bluehost.com,Male,208.106.17.88
707,Cilka,McMurraya,cmcmurrayajm@baidu.com,Female,106.15.153.1
708,Langsdon,Alchin,lalchinjn@dion.ne.jp,Male,75.244.44.94
709,Kath,Alfonsetto,kalfonsettojo@oracle.com,Female,86.203.66.61
710,Dulsea,Coldbreath,dcoldbreathjp@photobucket.com,Female,167.2.82.94
711,Abbe,MacGinney,amacginneyjq@meetup.com,Male,211.11.24.154
712,Reynold,Cristoforo,rcristoforojr@nhs.uk,Male,202.51.50.249
713,Thoma,Fair,tfairjs@usda.gov,Male,23.97.139.67
714,Tanney,Weakley,tweakleyjt@accuweather.com,Male,130.139.87.116
715,Lucretia,Pelerin,lpelerinju@boston.com,Female,109.204.83.112
716,Humbert,Purry,hpurryjv@wix.com,Male,123.112.14.143
717,Cicely,Garmon,cgarmonjw@wikia.com,Female,174.31.42.90
718,Herrick,Cuschieri,hcuschierijx@marriott.com,Male,223.127.91.224
719,Herculie,Chyuerton,hchyuertonjy@yandex.ru,Male,5.48.220.115
720,Kenny,Dignon,kdignonjz@desdev.cn,Male,39.217.176.242
721,Stevie,Gullen,sgullenk0@people.com.cn,Male,53.206.185.141
722,Ase,Basezzi,abasezzik1@boston.com,Male,230.157.27.35
723,Avrom,Kalewe,akalewek2@nba.com,Male,68.141.119.8
724,Melosa,Truitt,mtruittk3@nba.com,Female,67.129.219.81
725,Bendix,Dobing,bdobingk4@samsung.com,Male,244.60.253.109
726,Happy,Mapples,hmapplesk5@addthis.com,Female,194.157.224.76
727,Donnamarie,Kubat,dkubatk6@addthis.com,Female,28.32.70.199
728,Skipp,Crookall,scrookallk7@netvibes.com,Male,148.165.183.167
729,Ernest,Krink,ekrinkk8@netlog.com,Male,132.222.77.65
730,Gardie,Akid,gakidk9@mac.com,Male,166.186.223.169
731,Maggie,Pellman,mpellmanka@tripod.com,Female,93.236.62.92
732,Caren,Dutt,cduttkb@netscape.com,Female,31.42.36.122
733,Dorette,Pendrich,dpendrichkc@symantec.com,Female,243.20.185.57
734,Jason,Liveley,jliveleykd@ucoz.com,Male,1.211.105.212
735,Guntar,Adin,gadinke@csmonitor.com,Male,78.211.215.156
736,Cobbie,Padkin,cpadkinkf@w3.org,Male,214.169.57.214
737,Krystle,Lankford,klankfordkg@wikia.com,Female,157.211.107.67
738,Ardith,Mannooch,amannoochkh@networksolutions.com,Female,51.45.94.192
739,Georgianna,Bumphries,gbumphrieski@webs.com,Female,186.252.35.29
740,Dulciana,Dunhill,ddunhillkj@guardian.co.uk,Female,107.205.27.22
741,Lonni,Deverell,ldeverellkk@wired.com,Female,145.47.233.150
742,Clo,Doyland,cdoylandkl@icio.us,Female,198.153.221.151
743,Kristine,Blackboro,kblackborokm@statcounter.com,Female,245.177.108.227
744,Crystal,Laroux,clarouxkn@geocities.com,Female,195.163.107.230
745,Jamill,Halfpenny,jhalfpennyko@ebay.com,Male,88.189.20.54
746,Papageno,Mackneis,pmackneiskp@soup.io,Male,23.105.135.115
747,Brennen,Gillatt,bgillattkq@jigsy.com,Male,44.171.186.246
748,Edythe,Breckell,ebreckellkr@networksolutions.com,Female,29.121.219.55
749,Moise,Blake,mblakeks@telegraph.co.uk,Male,176.124.68.207
750,Jarid,Rand,jrandkt@apache.org,Male,38.146.106.227
751,Walden,Dillestone,wdillestoneku@noaa.gov,Male,247.136.87.193
752,Dulcia,Sneddon,dsneddonkv@mtv.com,Female,16.225.19.177
753,Collin,Pennells,cpennellskw@delicious.com,Male,236.243.251.150
754,Garey,Bauldrey,gbauldreykx@unicef.org,Male,182.45.12.216
755,Amie,Trase,atraseky@histats.com,Female,115.221.143.230
756,Rachele,Sarra,rsarrakz@vinaora.com,Female,4.115.99.226
757,Guinevere,McDiarmid,gmcdiarmidl0@eepurl.com,Female,218.196.16.103
758,Olympe,Ingray,oingrayl1@nbcnews.com,Female,194.4.72.203
759,Thekla,Bulley,tbulleyl2@google.es,Female,235.129.210.251
760,Lora,Culbert,lculbertl3@nydailynews.com,Female,185.23.11.172
761,Lurleen,Niccols,lniccolsl4@amazon.de,Female,204.226.239.160
762,Khalil,Gemeau,kgemeaul5@fc2.com,Male,144.34.214.53
763,Joanne,Grolle,jgrollel6@amazon.co.jp,Female,204.238.170.52
764,Galvan,Witcombe,gwitcombel7@timesonline.co.uk,Male,20.81.176.21
765,Des,Giral,dgirall8@noaa.gov,Male,124.250.76.37
766,Herman,Hammer,hhammerl9@flickr.com,Male,114.216.51.103
767,Emogene,Blezard,eblezardla@blinklist.com,Female,144.146.253.218
768,Aldus,Bartoletti,abartolettilb@google.fr,Male,198.200.174.19
769,Kathie,Drinkwater,kdrinkwaterlc@reverbnation.com,Female,142.83.2.169
770,Urban,Armitt,uarmittld@fema.gov,Male,95.48.39.58
771,Boothe,Spatarul,bspatarulle@cmu.edu,Male,239.135.152.117
772,Hobie,Vasichev,hvasichevlf@hud.gov,Male,5.255.149.116
773,Linnie,Darcey,ldarceylg@facebook.com,Female,30.19.223.244
774,Fancy,Varley,fvarleylh@samsung.com,Female,108.128.245.24
775,Karlie,Devigne,kdevigneli@seesaa.net,Female,30.17.241.124
776,Felicdad,Bull,fbulllj@yahoo.co.jp,Female,50.79.186.249
777,Leicester,Klessmann,lklessmannlk@howstuffworks.com,Male,14.31.42.45
778,Jehu,Strewthers,jstrewthersll@webmd.com,Male,115.240.214.220
779,Annabell,Comino,acominolm@amazon.co.uk,Female,150.245.123.229
780,Clemmy,Curphey,ccurpheyln@surveymonkey.com,Male,185.184.65.219
781,Ike,Cavy,icavylo@bbb.org,Male,155.111.93.115
782,Hetti,Bellis,hbellislp@washingtonpost.com,Female,203.72.38.52
783,Margo,Eley,meleylq@diigo.com,Female,208.240.126.100
784,Ripley,McKeggie,rmckeggielr@1und1.de,Male,154.126.75.215
785,Blondie,Sellor,bsellorls@ft.com,Female,37.132.218.203
786,Gordan,Malek,gmaleklt@dot.gov,Male,147.193.93.247
787,Leland,Clemencon,lclemenconlu@t-online.de,Male,130.95.47.26
788,Worthy,Durie,wdurielv@hostgator.com,Male,75.72.173.86
789,Pepi,Marton,pmartonlw@huffingtonpost.com,Female,180.25.49.113
790,Pierce,Annion,pannionlx@timesonline.co.uk,Male,143.59.83.59
791,Clovis,Hebble,chebblely@joomla.org,Female,153.48.175.144
792,Toddie,Greep,tgreeplz@cpanel.net,Male,139.12.232.58
793,Dorri,Noton,dnotonm0@wisc.edu,Female,97.220.11.241
794,Karlens,Priver,kpriverm1@hhs.gov,Male,86.216.91.253
795,Murdoch,Capell,mcapellm2@opensource.org,Male,90.101.132.20
796,Osbourne,Isles,oislesm3@reverbnation.com,Male,180.182.153.76
797,Shepard,Guy,sguym4@netvibes.com,Male,1.4.106.86
798,Sigrid,Dorbin,sdorbinm5@github.com,Female,67.22.83.121
799,Taffy,Copperwaite,tcopperwaitem6@auda.org.au,Female,105.166.73.174
800,Iver,Bavidge,ibavidgem7@eepurl.com,Male,118.60.108.55
801,Othella,Darrigoe,odarrigoem8@hp.com,Female,100.36.94.58
802,Julienne,Kropach,jkropachm9@globo.com,Female,182.30.132.214
803,Melicent,Cordeau],mcordeauma@zimbio.com,Female,44.227.114.163
804,Jedediah,Chaddock,jchaddockmb@hatena.ne.jp,Male,220.135.81.59
805,Erich,Kershaw,ekershawmc@oakley.com,Male,100.215.215.246
806,Dari,Straun,dstraunmd@sitemeter.com,Female,196.194.221.207
807,Ronica,McCallam,rmccallamme@twitpic.com,Female,244.207.63.93
808,Stephanus,Emeny,semenymf@foxnews.com,Male,170.60.210.28
809,Ebonee,Braybrookes,ebraybrookesmg@ucsd.edu,Female,109.219.128.103
810,Thatcher,Botright,tbotrightmh@jiathis.com,Male,41.223.145.50
811,Dwight,Grosvenor,dgrosvenormi@microsoft.com,Male,22.214.57.162
812,Leah,Pavinese,lpavinesemj@fotki.com,Female,148.161.17.86
813,Lula,Godspede,lgodspedemk@weather.com,Female,139.244.152.69
814,Terrance,Musslewhite,tmusslewhiteml@timesonline.co.uk,Male,233.137.188.57
815,Lauretta,Beckinsall,lbeckinsallmm@nifty.com,Female,150.177.97.57
816,Fara,Kilfedder,fkilfeddermn@umn.edu,Female,50.209.80.112
817,Glyn,Paulino,gpaulinomo@ft.com,Female,208.39.134.87
818,Krispin,Meadowcroft,kmeadowcroftmp@free.fr,Male,169.182.24.49
819,Barr,Doulden,bdouldenmq@google.com.br,Male,27.203.46.94
820,Valida,Kadwallider,vkadwallidermr@sun.com,Female,226.47.10.65
821,Jeni,Mawford,jmawfordms@army.mil,Female,214.66.157.13
822,Clement,Beig,cbeigmt@goo.gl,Male,133.206.131.194
823,Dwain,Spiers,dspiersmu@bigcartel.com,Male,3.73.118.184
824,Menard,Pimblett,mpimblettmv@infoseek.co.jp,Male,41.168.71.73
825,Sholom,Primmer,sprimmermw@rambler.ru,Male,88.4.37.27
826,Alfie,Forty,afortymx@1und1.de,Male,16.147.60.64
827,Kaspar,Clearie,kcleariemy@ft.com,Male,213.182.185.223
828,Tarra,Furze,tfurzemz@deviantart.com,Female,11.141.62.40
829,Janet,Playdon,jplaydonn0@walmart.com,Female,115.56.8.32
830,Dav,Kitman,dkitmann1@addtoany.com,Male,175.160.14.49
831,Rosy,Ardley,rardleyn2@mediafire.com,Female,208.90.76.166
832,Trip,Lindstrom,tlindstromn3@bluehost.com,Male,202.248.102.164
833,Matti,MacPhail,mmacphailn4@yahoo.co.jp,Female,124.211.145.251
834,Fay,Aitcheson,faitchesonn5@elpais.com,Female,110.158.132.76
835,Bertie,Baudacci,bbaudaccin6@e-recht24.de,Female,170.169.85.167
836,Allene,Busch,abuschn7@comsenz.com,Female,173.158.51.127
837,Rickard,Cotgrave,rcotgraven8@technorati.com,Male,89.134.167.211
838,Justis,State,jstaten9@omniture.com,Male,142.156.183.189
839,Tarrance,Clemont,tclemontna@symantec.com,Male,41.166.245.92
840,Mano,Scurry,mscurrynb@google.co.jp,Male,27.84.214.158
841,Aleece,Geraudel,ageraudelnc@washingtonpost.com,Female,70.128.90.195
842,Hakeem,Doerrling,hdoerrlingnd@wikimedia.org,Male,19.209.202.67
843,Randall,Frend,rfrendne@economist.com,Male,43.70.228.56
844,Merrili,Pighills,mpighillsnf@sphinn.com,Female,40.105.116.170
845,Kale,de Guerre,kdeguerreng@answers.com,Male,42.63.90.108
846,Sumner,Belk,sbelknh@senate.gov,Male,244.62.12.64
847,Matilde,Aburrow,maburrowni@example.com,Female,98.122.135.186
848,Michale,Leal,mlealnj@ibm.com,Male,153.107.71.166
849,Truda,Whitehouse,twhitehousenk@meetup.com,Female,157.136.147.12
850,Sybyl,Hansman,shansmannl@aol.com,Female,254.40.88.90
851,Lindy,Malpass,lmalpassnm@yale.edu,Female,231.79.70.230
852,Shawn,Doole,sdoolenn@hibu.com,Male,210.245.146.152
853,Kiel,Finlaison,kfinlaisonno@1und1.de,Male,214.180.220.30
854,Christie,Hardington,chardingtonnp@who.int,Female,128.79.212.111
855,Paulo,McCotter,pmccotternq@yahoo.co.jp,Male,82.159.196.88
856,Marcel,Radley,mradleynr@dot.gov,Male,155.190.16.74
857,Twila,Lopez,tlopezns@wikia.com,Female,6.131.48.147
858,Aron,Creasy,acreasynt@homestead.com,Male,54.240.247.208
859,Hector,Critzen,hcritzennu@sciencedirect.com,Male,199.41.236.71
860,Chrissie,Jovasevic,cjovasevicnv@about.com,Female,99.21.243.83
861,Wilmar,Enterlein,wenterleinnw@trellian.com,Male,84.168.242.193
862,Kinnie,Jozefczak,kjozefczaknx@cornell.edu,Male,126.244.39.169
863,Rorie,Scotchmoor,rscotchmoorny@cnbc.com,Female,64.97.189.93
864,Rossie,Warrilow,rwarrilownz@privacy.gov.au,Male,18.19.239.240
865,Zita,Mountjoy,zmountjoyo0@amazon.co.uk,Female,221.28.75.0
866,Juditha,Hasson,jhassono1@ow.ly,Female,44.128.222.53
867,Christabella,Waterdrinker,cwaterdrinkero2@unc.edu,Female,140.37.147.171
868,Sybyl,Vampouille,svampouilleo3@bloglovin.com,Female,238.222.33.241
869,Griffin,Bowich,gbowicho4@github.com,Male,149.252.174.159
870,Valdemar,Klaves,vklaveso5@google.fr,Male,19.74.215.130
871,Eliot,Myott,emyotto6@newyorker.com,Male,60.254.53.118
872,Tricia,Stapells,tstapellso7@engadget.com,Female,74.36.86.119
873,Robyn,Gersam,rgersamo8@economist.com,Female,100.239.112.14
874,Hardy,Gally,hgallyo9@yolasite.com,Male,50.233.119.246
875,Theodosia,Adolfson,tadolfsonoa@slashdot.org,Female,169.28.98.225
876,Revkah,Pettigrew,rpettigrewob@businessweek.com,Female,8.2.157.78
877,Tabatha,Thring,tthringoc@jigsy.com,Female,154.209.227.151
878,Violette,Watkiss,vwatkissod@ucsd.edu,Female,36.55.97.89
879,Tabatha,Argont,targontoe@yandex.ru,Female,26.85.47.76
880,Dell,Moreinis,dmoreinisof@nymag.com,Male,210.32.52.167
881,Violet,Goodhand,vgoodhandog@squidoo.com,Female,89.112.177.184
882,Christie,Cazereau,ccazereauoh@cdbaby.com,Female,8.95.51.237
883,Ewan,Larrat,elarratoi@lycos.com,Male,1.3.20.227
884,Aarika,Ronnay,aronnayoj@networkadvertising.org,Female,23.27.25.135
885,Timoteo,Peatheyjohns,tpeatheyjohnsok@1und1.de,Male,161.201.168.145
886,Jock,Calvert,jcalvertol@webs.com,Male,161.200.27.125
887,Fonz,Scarre,fscarreom@themeforest.net,Male,49.165.158.249
888,Arvie,Fells,afellson@globo.com,Male,148.71.65.87
889,Patton,Eggers,peggersoo@purevolume.com,Male,237.252.32.87
890,Kendal,Stennine,kstennineop@e-recht24.de,Male,178.215.225.153
891,Collie,Gimblett,cgimblettoq@timesonline.co.uk,Female,191.59.244.208
892,Gare,Rollo,grolloor@ow.ly,Male,204.146.157.93
893,Shamus,Ryce,sryceos@csmonitor.com,Male,134.205.174.71
894,Jaymie,Currer,jcurrerot@npr.org,Male,99.130.7.234
895,Gabriel,Triplow,gtriplowou@archive.org,Male,165.49.55.203
896,Carlen,Folks,cfolksov@seattletimes.com,Female,36.204.113.167
897,Libbi,Garry,lgarryow@census.gov,Female,238.179.143.189
898,Gloriana,Glascott,gglascottox@example.com,Female,233.168.69.35
899,Mar,Moon,mmoonoy@apache.org,Male,82.68.33.208
900,Fonz,Allday,falldayoz@nbcnews.com,Male,116.63.151.223
901,Hewett,Kenninghan,hkenninghanp0@noaa.gov,Male,234.194.165.171
902,Alaine,Gabler,agablerp1@webs.com,Female,26.158.113.52
903,Perceval,Sutherel,psutherelp2@mtv.com,Male,48.127.132.81
904,Sam,Vaughan,svaughanp3@weather.com,Male,238.91.237.173
905,Korrie,Taberer,ktabererp4@msu.edu,Female,98.160.246.30
906,Lindie,Lorenzin,llorenzinp5@addthis.com,Female,133.63.84.80
907,Nowell,Salsbury,nsalsburyp6@studiopress.com,Male,171.116.181.234
908,Danell,De'Ath,ddeathp7@loc.gov,Female,40.136.216.101
909,Dean,Fiddian,dfiddianp8@behance.net,Male,61.62.129.198
910,Marcello,Arnal,marnalp9@homestead.com,Male,50.244.234.69
911,Bernetta,Chillistone,bchillistonepa@google.nl,Female,78.116.120.240
912,Dave,Alcido,dalcidopb@nyu.edu,Male,182.162.220.207
913,Laryssa,Grenfell,lgrenfellpc@berkeley.edu,Female,227.82.78.38
914,Ag,Dance,adancepd@google.com,Female,246.15.87.12
915,Ariela,Morde,amordepe@twitpic.com,Female,165.162.180.193
916,Jeremiah,Halvosen,jhalvosenpf@quantcast.com,Male,137.38.165.68
917,Donal,Hainey,dhaineypg@amazon.co.uk,Male,38.230.73.145
918,Milzie,Cleynman,mcleynmanph@discuz.net,Female,243.5.191.223
919,Caye,Cook,ccookpi@mtv.com,Female,121.51.166.144
920,Dore,Stonier,dstonierpj@ted.com,Female,71.105.118.199
921,Andreana,Walters,awalterspk@myspace.com,Female,48.61.70.30
922,Merissa,Ferrone,mferronepl@tinypic.com,Female,165.193.188.208
923,Lebbie,Sims,lsimspm@nbcnews.com,Female,186.31.109.159
924,Nichole,Makepeace,nmakepeacepn@discovery.com,Male,205.27.178.6
925,Nelie,Konert,nkonertpo@yelp.com,Female,152.81.228.2
926,Cleavland,Duker,cdukerpp@github.io,Male,140.168.25.201
927,Clayton,Hundley,chundleypq@ask.com,Male,242.136.225.8
928,Frasier,Mcimmie,fmcimmiepr@hexun.com,Male,119.124.13.246
929,Gardiner,Petch,gpetchps@paypal.com,Male,184.64.221.50
930,Odelle,Degg,odeggpt@google.ca,Female,7.141.79.140
931,Collette,Housbie,chousbiepu@rakuten.co.jp,Female,190.150.246.44
932,Ferdinand,Larrington,flarringtonpv@ocn.ne.jp,Male,228.109.236.72
933,Davide,Grimoldby,dgrimoldbypw@phpbb.com,Male,105.144.248.62
934,Barb,Humerstone,bhumerstonepx@meetup.com,Female,83.5.52.51
935,Ekaterina,Simmonite,esimmonitepy@ustream.tv,Female,150.48.179.173
936,Brana,Bauchop,bbauchoppz@alexa.com,Female,247.221.113.73
937,Lorne,Leary,llearyq0@cnet.com,Male,59.112.106.245
938,Calhoun,Stonman,cstonmanq1@rediff.com,Male,203.47.111.41
939,Wyatt,O'Clery,wocleryq2@canalblog.com,Male,63.43.64.11
940,Frants,Leman,flemanq3@salon.com,Male,50.186.235.214
941,Banky,Klima,bklimaq4@dmoz.org,Male,25.124.199.125
942,Kellyann,Coull,kcoullq5@moonfruit.com,Female,150.25.105.217
943,Tabitha,Awde,tawdeq6@bravesites.com,Female,215.68.19.25
944,Aimee,Tombleson,atomblesonq7@gnu.org,Female,46.177.30.35
945,Rosalind,Petrello,rpetrelloq8@about.me,Female,135.23.186.45
946,Amalle,Tschiersch,atschierschq9@booking.com,Female,1.8.141.175
947,Genna,Jerisch,gjerischqa@ebay.co.uk,Female,183.208.180.24
948,Frannie,Gemmell,fgemmellqb@addthis.com,Female,43.123.165.134
949,Reece,Jellman,rjellmanqc@ca.gov,Male,170.67.38.243
950,Adolphus,Dack,adackqd@theglobeandmail.com,Male,118.65.224.229
951,Laraine,Whenham,lwhenhamqe@cocolog-nifty.com,Female,129.147.227.89
952,Pepita,Bellamy,pbellamyqf@statcounter.com,Female,37.169.152.32
953,Willard,Valdes,wvaldesqg@example.com,Male,5.12.238.138
954,Birk,Ead,beadqh@imgur.com,Male,246.98.175.156
955,Skell,Agass,sagassqi@aboutads.info,Male,5.172.2.245
956,Anne-marie,Limon,alimonqj@printfriendly.com,Female,221.184.212.71
957,Shannon,Kiggel,skiggelqk@cisco.com,Male,242.131.182.140
958,Lara,Huddlestone,lhuddlestoneql@123-reg.co.uk,Female,76.56.101.43
959,Juliann,Beddis,jbeddisqm@oracle.com,Female,145.8.43.28
960,Ahmed,Tapper,atapperqn@cpanel.net,Male,9.174.165.42
961,Obadias,Gomm,ogommqo@ibm.com,Male,210.126.94.237
962,Verena,Golda,vgoldaqp@360.cn,Female,38.23.107.73
963,Darla,Torri,dtorriqq@yellowbook.com,Female,86.94.104.238
964,Elenore,Grzesiak,egrzesiakqr@spotify.com,Female,99.112.11.7
965,Alaric,Absolem,aabsolemqs@ehow.com,Male,12.26.200.251
966,Padgett,Shatford,pshatfordqt@mayoclinic.com,Male,1.162.164.216
967,Neal,Penvarden,npenvardenqu@github.com,Male,55.121.39.233
968,Bucky,Gaunt,bgauntqv@google.com,Male,219.179.110.129
969,Quinn,Smalley,qsmalleyqw@posterous.com,Male,39.88.146.238
970,Gratiana,Renvoise,grenvoiseqx@gov.uk,Female,244.209.209.6
971,Brita,Wale,bwaleqy@go.com,Female,131.69.225.140
972,Lyman,Kasper,lkasperqz@admin.ch,Male,152.228.170.148
973,Gabriell,Wattinham,gwattinhamr0@meetup.com,Female,15.114.232.113
974,Alexio,Kobpac,akobpacr1@walmart.com,Male,245.185.92.222
975,Lon,Fusco,lfuscor2@infoseek.co.jp,Male,73.224.105.229
976,Elsy,Lowe,elower3@thetimes.co.uk,Female,96.72.119.194
977,Arlan,Hayler,ahaylerr4@mayoclinic.com,Male,63.250.143.68
978,Clem,Purser,cpurserr5@people.com.cn,Male,113.14.76.192
979,Meggy,Bockett,mbockettr6@twitter.com,Female,120.107.205.85
980,Graehme,Gearing,ggearingr7@engadget.com,Male,43.150.17.201
981,Marshal,Glazebrook,mglazebrookr8@odnoklassniki.ru,Male,134.153.237.235
982,Phip,Trudgian,ptrudgianr9@nationalgeographic.com,Male,20.80.202.160
983,Thebault,Miebes,tmiebesra@fc2.com,Male,122.255.245.183
984,Joshia,Perillo,jperillorb@hc360.com,Male,176.46.31.49
985,Garrett,Rosenwald,grosenwaldrc@ocn.ne.jp,Male,82.184.72.200
986,Lydon,Meates,lmeatesrd@nature.com,Male,173.152.6.245
987,Dominique,Dupre,dduprere@google.nl,Male,211.87.29.175
988,Leontine,Doole,ldoolerf@google.com.br,Female,56.210.148.94
989,Kerwinn,Mara,kmararg@nytimes.com,Male,226.13.129.208
990,Sarena,Dabell,sdabellrh@ihg.com,Female,94.25.97.225
991,Karlie,Acuna,kacunari@ox.ac.uk,Female,66.90.92.194
992,Martyn,Bruhnke,mbruhnkerj@intel.com,Male,174.8.24.119
993,Fin,Mendoza,fmendozark@army.mil,Male,153.12.61.157
994,Dirk,McPharlain,dmcpharlainrl@addtoany.com,Male,232.201.169.201
995,Fiann,Mainds,fmaindsrm@wisc.edu,Female,130.190.0.18
996,Hynda,Brusin,hbrusinrn@ycombinator.com,Female,247.223.122.224
997,Rolfe,Bettlestone,rbettlestonero@yahoo.com,Male,160.126.89.218
998,Andriana,Clymer,aclymerrp@ca.gov,Female,179.105.148.212
999,Rolando,Clilverd,rclilverdrq@cnet.com,Male,247.68.25.83
1000,Lila,Lestrange,llestrangerr@icq.com,Female,106.90.8.225
